{
  "simulations": [
    10,
    50,
    100,
    200,
    500
  ],
  "win_rate": [
    100.0,
    100.0,
    100.0,
    100.0,
    100.0
  ],
  "draw_rate": [
    0.0,
    0.0,
    0.0,
    0.0,
    0.0
  ],
  "loss_rate": [
    0.0,
    0.0,
    0.0,
    0.0,
    0.0
  ],
  "avg_moves": [
    7.333333333333333,
    5.933333333333334,
    5.333333333333333,
    5.4,
    5.6
  ]
}