{
  "simulations": [
    20,
    50,
    100,
    200,
    400
  ],
  "success_rate": [
    86.66666666666667,
    86.66666666666667,
    93.33333333333333,
    100.0,
    100.0
  ],
  "avg_steps": [
    23.2,
    19.466666666666665,
    20.0,
    15.066666666666666,
    16.533333333333335
  ],
  "avg_steps_successful": [
    22.153846153846153,
    17.846153846153847,
    19.285714285714285,
    15.066666666666666,
    16.533333333333335
  ]
}